0.0	females	males	0.123724845939	0.243419224537	0.254056105249	0.145833333333	0.304347826087	0.115576214588	0.246446965842	0.225731279598	0.184	0.46
0.0	females	male	0.0354804877941	0.0702963755855	0.0755591068475	0.729166666667	0.0100171722954	0.0628204531205	0.113155199456	0.11925885085	0.904	0.0189629132405
0.0	males	females	0.123724845939	0.254056105249	0.243419224537	0.304347826087	0.145833333333	0.115576214588	0.225731279598	0.246446965842	0.46	0.184
0.0	males	female	0.0172339452635	0.02904610963	0.0331240466704	0.652173913043	0.00497842681713	0.0375572024623	0.0606599185145	0.0695870710136	0.9	0.00807609475951
0.0	imports	exports	0.140275401636	0.310009455489	0.258648543773	0.186046511628	0.222222222222	0.406676560516	0.672137561061	0.642263049581	0.5125	0.353448275862
0.0	imports	export	0.0159159797728	0.0453072747845	0.0291338156237	0.232558139535	0.00391389432485	0.114776647193	0.205163939323	0.194603234903	0.9	0.0223741454319
0.0	imports	exporting	0.00631413338338	0.0147755589703	0.00869565799735	0.0697674418605	0.0127659574468	0.0744768732191	0.166250504154	0.153003583928	0.4	0.0406091370558
0.0	exports	imports	0.140275401636	0.258648543773	0.310009455489	0.222222222222	0.186046511628	0.406676560516	0.642263049581	0.672137561061	0.353448275862	0.5125
0.0	exports	import	0.0178281440572	0.0389922429061	0.038544873487	0.444444444444	0.00490948143602	0.0830780006375	0.150888771374	0.154817652608	0.862068965517	0.0276319425256
0.0	export	imports	0.0159159797728	0.0291338156237	0.0453072747845	0.00391389432485	0.232558139535	0.114776647193	0.194603234903	0.205163939323	0.0223741454319	0.9
0.0	export	import	0.183734843967	0.373414631116	0.387800860989	0.393346379648	0.3083768027	0.249348257745	0.474183544843	0.478341716215	0.536979490367	0.477479966842
0.0	imported	exported	0.0	0.0	0.0	0.0	0.0	0.0	0.0	0.0	0.0	0.0
0.0	exported	imported	0.0	0.0	0.0	0.0	0.0	0.0	0.0	0.0	0.0	0.0
0.0	exporting	importing	0.156586459069	0.344699871892	0.36006153595	0.127659574468	0.31914893617	0.151950738456	0.311867474517	0.315641035407	0.205583756345	0.476470588235
0.0	exporting	imports	0.00631413338338	0.00869565799735	0.0147755589703	0.0127659574468	0.0697674418605	0.0744768732191	0.153003583928	0.166250504154	0.0406091370558	0.4
0.0	women	men	0.0511640002248	0.0831470477266	0.0988376354119	0.368421052632	0.0450160771704	0.0949362111533	0.185785810893	0.199504834695	0.555555555556	0.111642743222
0.0	women	man	0.0130833120807	0.0242684640474	0.0223369778598	0.842105263158	0.0017125120411	0.027541509185	0.0457801681465	0.04675440484	0.936507936508	0.00567689791206
0.0	men	woman	0.0368686196934	0.0825309844402	0.0805802041341	0.614147909968	0.0167294385565	0.0637707601655	0.120637909584	0.123223364829	0.835725677831	0.0368443256926
0.0	men	women	0.0511640002248	0.0988376354119	0.0831470477266	0.0450160771704	0.368421052632	0.0949362111533	0.199504834695	0.185785810893	0.111642743222	0.555555555556
0.0	importing	exporting	0.156586459069	0.36006153595	0.344699871892	0.31914893617	0.127659574468	0.151950738456	0.315641035407	0.311867474517	0.476470588235	0.205583756345
0.0	increased	decreased	0.0	0.0	0.0	0.0	0.0	0.0634815444516	0.112718434134	0.12743181736	0.05	0.142857142857
0.0	decreased	increase	0.00414247963365	0.0074487460644	0.00640652020299	0.5	6.80040802448e-05	0.0197529989086	0.0326618130782	0.032721293367	1.0	0.000596201345712
0.0	decreased	increased	0.0	0.0	0.0	0.0	0.0	0.0634815444516	0.12743181736	0.112718434134	0.142857142857	0.05
0.0	increase	decreased	0.00414247963365	0.00640652020299	0.0074487460644	6.80040802448e-05	0.5	0.0197529989086	0.032721293367	0.0326618130782	0.000596201345712	1.0
0.0	increase	decrease	0.208637256955	0.382963033253	0.394634257057	0.117443046583	0.765175011077	0.241303242446	0.434779275101	0.436211303175	0.189251341453	0.832521543649
0.0	increase	decreases	0.000594564813606	0.000891847023362	0.000636975954965	6.80040802448e-05	1.0	0.00517915359482	0.00725508190444	0.00763477117075	0.000255514862448	1.0
0.0	debtors	creditors	0.0928534926494	0.174012697209	0.15844985893	0.3	0.375	0.0767349804981	0.151060920054	0.160139505757	0.219512195122	0.333333333333
0.0	creditors	debtors	0.0928534926494	0.15844985893	0.174012697209	0.375	0.3	0.0767349804981	0.160139505757	0.151060920054	0.333333333333	0.219512195122
0.0	increasing	decreasing	0.036616256287	0.050408693636	0.0472945977948	0.166666666667	0.1	0.0239772864294	0.03702759962	0.0345414729851	0.227272727273	0.172413793103
0.0	decreasing	increasing	0.036616256287	0.0472945977948	0.050408693636	0.1	0.166666666667	0.0239772864294	0.0345414729851	0.03702759962	0.172413793103	0.227272727273
0.0	saturdays	fridays	0.0853190041137	0.178474437642	0.181296266943	0.205714285714	0.409090909091	0.200957928257	0.421394846487	0.424062111711	0.31124497992	0.457227138643
0.0	saturdays	wednesdays	0.13122295189	0.297114863924	0.284623495962	0.2	0.479452054795	0.191606686867	0.401761644023	0.406560552997	0.28313253012	0.505376344086
0.0	saturdays	friday	0.0658626444118	0.147627285911	0.147044955705	0.52	0.0791304347826	0.12870165816	0.270607643763	0.269506865633	0.704819277108	0.122086956522
0.0	fridays	saturdays	0.0853190041137	0.181296266943	0.178474437642	0.409090909091	0.205714285714	0.200957928257	0.424062111711	0.421394846487	0.457227138643	0.31124497992
0.0	wednesdays	saturdays	0.13122295189	0.284623495962	0.297114863924	0.479452054795	0.2	0.191606686867	0.406560552997	0.401761644023	0.505376344086	0.28313253012
0.0	increases	decrease	0.0	0.0	0.0	0.0	0.0	0.0150146110009	0.0263710385038	0.0284584542966	0.727272727273	0.00299737729487
0.0	increases	decreases	0.0	0.0	0.0	0.0	0.0	0.0482487023439	0.0985353867677	0.0806128996917	0.0909090909091	0.333333333333
0.0	decreases	increase	0.000594564813606	0.000636975954965	0.000891847023362	1.0	6.80040802448e-05	0.00517915359482	0.00763477117075	0.00725508190444	1.0	0.000255514862448
0.0	decreases	increases	0.0	0.0	0.0	0.0	0.0	0.0482487023439	0.0806128996917	0.0985353867677	0.333333333333	0.0909090909091
0.0	starts	stops	0.0	0.0	0.0	0.0	0.0	0.0	0.0	0.0	0.0	0.0
0.0	stops	starts	0.0	0.0	0.0	0.0	0.0	0.0	0.0	0.0	0.0	0.0
0.0	thicker	thinner	0.203111364248	0.39915477265	0.401555717656	0.303797468354	0.327272727273	0.206140488049	0.411004811853	0.401089685133	0.412724306688	0.410048622366
0.0	thinner	thicker	0.203111364248	0.401555717656	0.39915477265	0.327272727273	0.303797468354	0.206140488049	0.401089685133	0.411004811853	0.410048622366	0.412724306688
0.0	children	mother	0.0338432521371	0.0730496077515	0.0755976572739	0.464689265537	0.0458472686734	0.0657079277428	0.127290495353	0.135174171369	0.714069591528	0.106426155581
0.0	children	parents	0.059132843046	0.13127822116	0.123411051569	0.0889830508475	0.35393258427	0.106039135306	0.231612580968	0.223778476281	0.158850226929	0.537084398977
0.0	children	parent	0.0435674659198	0.0941003148845	0.0929875653714	0.45197740113	0.0690250215703	0.10098652511	0.202733402219	0.201001410372	0.715582450832	0.141701617735
0.0	children	mothers	0.0	0.0	0.0	0.0	0.0	0.0	0.0	0.0	0.0	0.0
0.0	mothers	father	0.0	0.0	0.0	0.0	0.0	0.0	0.0	0.0	0.0	0.0
0.0	mothers	children	0.0	0.0	0.0	0.0	0.0	0.0	0.0	0.0	0.0	0.0
0.0	bought	sold	0.0	0.0	0.0	0.0	0.0	0.0	0.0	0.0	0.0	0.0
0.0	sold	bought	0.0	0.0	0.0	0.0	0.0	0.0	0.0	0.0	0.0	0.0
0.0	man	woman	0.241442059285	0.460002070223	0.458646005425	0.346087980306	0.566436016467	0.215895862767	0.419919423746	0.411638184526	0.429760415664	0.62811137674
0.0	man	women	0.0130833120807	0.0223369778598	0.0242684640474	0.0017125120411	0.842105263158	0.027541509185	0.04675440484	0.0457801681465	0.00567689791206	0.936507936508
0.0	buying	selling	0.108824151434	0.235572975281	0.236515038889	0.349473684211	0.17697228145	0.185148018773	0.3525084655	0.361613065303	0.565777368905	0.293977055449
0.0	selling	buying	0.108824151434	0.236515038889	0.235572975281	0.17697228145	0.349473684211	0.185148018773	0.361613065303	0.3525084655	0.293977055449	0.565777368905
0.0	illiterate	literate	0.14902908184	0.339033392103	0.329727801705	0.251336898396	0.238578680203	0.141890602888	0.308495244767	0.297567499344	0.359342915811	0.308641975309
0.0	literate	illiterate	0.14902908184	0.329727801705	0.339033392103	0.238578680203	0.251336898396	0.141890602888	0.297567499344	0.308495244767	0.308641975309	0.359342915811
0.0	blacks	whites	0.0611957877372	0.130535936773	0.140753531684	0.317647058824	0.16265060241	0.141004139997	0.286107830941	0.298307086877	0.475806451613	0.2608311229
0.0	whites	blacks	0.0611957877372	0.140753531684	0.130535936773	0.16265060241	0.317647058824	0.141004139997	0.298307086877	0.286107830941	0.2608311229	0.475806451613
0.0	impossible	possible	0.230395825343	0.446284104949	0.435662029217	0.588764044944	0.189717595945	0.144613749937	0.277052288396	0.289940055032	0.716236271891	0.250545114734
0.0	possible	impossible	0.230395825343	0.435662029217	0.446284104949	0.189717595945	0.588764044944	0.144613749937	0.289940055032	0.277052288396	0.250545114734	0.716236271891
0.0	unemployment	employment	0.128286873723	0.27472757852	0.278915675747	0.410823170732	0.257648183556	0.230532493934	0.431732127252	0.4359400006	0.617957746479	0.436241610738
0.0	employment	unemployment	0.128286873723	0.278915675747	0.27472757852	0.257648183556	0.410823170732	0.230532493934	0.4359400006	0.431732127252	0.436241610738	0.617957746479
0.0	girls	boys	0.0	0.0	0.0	0.0	0.0	0.0	0.0	0.0	0.0	0.0
0.0	boys	girls	0.0	0.0	0.0	0.0	0.0	0.0	0.0	0.0	0.0	0.0
0.0	irrational	rational	0.114788807792	0.244525026386	0.231739601364	0.416356877323	0.163503649635	0.159505119933	0.325410313301	0.307329403658	0.520833333333	0.22009321595
0.0	rational	irrational	0.114788807792	0.231739601364	0.244525026386	0.163503649635	0.416356877323	0.159505119933	0.307329403658	0.325410313301	0.22009321595	0.520833333333
0.0	successes	failures	0.0	0.0	0.0	0.0	0.0	0.0	0.0	0.0	0.0	0.0
0.0	failures	successes	0.0	0.0	0.0	0.0	0.0	0.0	0.0	0.0	0.0	0.0
0.0	anybody	nobody	0.205828195069	0.403559030573	0.399521212542	0.356404136834	0.38855160451	0.202986829047	0.397704579938	0.40352640889	0.532757051865	0.439894815928
0.0	nobody	anybody	0.205828195069	0.399521212542	0.403559030573	0.38855160451	0.356404136834	0.202986829047	0.40352640889	0.397704579938	0.439894815928	0.532757051865
0.0	best	bad	0.0954583266293	0.206635951571	0.212763286777	0.190062111801	0.472639011474	0.109249558144	0.228427663869	0.215536994951	0.302991137371	0.615759849906
0.0	best	worst	0.0939680332154	0.196081502257	0.209095852057	0.128305235138	0.532008830022	0.116754574182	0.233649775574	0.225620607368	0.194146971935	0.701233744582
0.0	worst	best	0.0939680332154	0.209095852057	0.196081502257	0.532008830022	0.128305235138	0.116754574182	0.225620607368	0.233649775574	0.701233744582	0.194146971935
0.0	faster	slower	0.179945619075	0.356487178138	0.371125299268	0.214202561118	0.434988179669	0.171939792223	0.343129841864	0.342435518246	0.27481234362	0.561807331628
0.0	slower	faster	0.179945619075	0.371125299268	0.356487178138	0.434988179669	0.214202561118	0.171939792223	0.342435518246	0.343129841864	0.561807331628	0.27481234362
0.0	patients	doctors	0.0	0.0	0.0	0.0	0.0	0.0	0.0	0.0	0.0	0.0
0.0	doctors	patients	0.0	0.0	0.0	0.0	0.0	0.0	0.0	0.0	0.0	0.0
0.0	upstream	downstream	0.275928033128	0.504916488355	0.494267457742	0.402654867257	0.372950819672	0.22398484496	0.450336281456	0.450908926999	0.413043478261	0.387261146497
0.0	downstream	upstream	0.275928033128	0.494267457742	0.504916488355	0.372950819672	0.402654867257	0.22398484496	0.450908926999	0.450336281456	0.387261146497	0.413043478261
0.0	part-time	full-time	0.233312559558	0.463874256112	0.458172084018	0.347305389222	0.330798479087	0.26998725166	0.512566031258	0.504790061029	0.504621072089	0.493670886076
0.0	full-time	part-time	0.233312559558	0.458172084018	0.463874256112	0.330798479087	0.347305389222	0.26998725166	0.504790061029	0.512566031258	0.493670886076	0.504621072089
0.0	longer	shorter	0.139481988837	0.301457812909	0.309719483249	0.12132734186	0.488857938719	0.143135683012	0.286654036013	0.284498820686	0.175932344378	0.694961664841
0.0	shorter	longer	0.139481988837	0.309719483249	0.301457812909	0.488857938719	0.12132734186	0.143135683012	0.284498820686	0.286654036013	0.694961664841	0.175932344378
0.0	harder	easier	0.218870062631	0.429652684156	0.419032802496	0.442548350398	0.245580808081	0.162596541925	0.327895939733	0.32579165881	0.552972972973	0.332899446795
0.0	harder	easy	0.183044616565	0.370978248333	0.355650188532	0.551763367463	0.177330895795	0.123514860175	0.243465099392	0.249648295794	0.662702702703	0.224459904797
0.0	easier	harder	0.218870062631	0.419032802496	0.429652684156	0.245580808081	0.442548350398	0.162596541925	0.32579165881	0.327895939733	0.332899446795	0.552972972973
0.0	better	bad	0.120104786204	0.258894860463	0.264338894784	0.208983631519	0.484554280671	0.121016558969	0.254183731897	0.245485695889	0.338466406497	0.602063789869
0.0	better	worse	0.133341294348	0.28547238968	0.300289524056	0.15569090217	0.550100874243	0.114587997439	0.242587593092	0.236524467922	0.221284674612	0.664344521849
0.0	worse	better	0.133341294348	0.300289524056	0.28547238968	0.550100874243	0.15569090217	0.114587997439	0.236524467922	0.242587593092	0.664344521849	0.221284674612
0.0	parents	kids	0.0	0.0	0.0	0.0	0.0	0.0	0.0	0.0	0.0	0.0
0.0	parents	children	0.059132843046	0.123411051569	0.13127822116	0.35393258427	0.0889830508475	0.106039135306	0.223778476281	0.231612580968	0.537084398977	0.158850226929
0.0	female	males	0.0172339452635	0.0331240466704	0.02904610963	0.00497842681713	0.652173913043	0.0375572024623	0.0695870710136	0.0606599185145	0.00807609475951	0.9
0.0	female	male	0.250592482449	0.496295459679	0.495248018924	0.434450713575	0.374642243847	0.300359801521	0.554071887341	0.553401554915	0.559404163676	0.523074341332
0.0	male	females	0.0354804877941	0.0755591068475	0.0702963755855	0.0100171722954	0.729166666667	0.0628204531205	0.11925885085	0.113155199456	0.0189629132405	0.904
0.0	male	female	0.250592482449	0.495248018924	0.496295459679	0.374642243847	0.434450713575	0.300359801521	0.553401554915	0.554071887341	0.523074341332	0.559404163676
0.0	brother	sister	0.116638914542	0.247416434587	0.244125841853	0.275050893463	0.34437836307	0.153459189763	0.317088566371	0.311243535216	0.386617100372	0.478687212327
0.0	sister	brother	0.116638914542	0.244125841853	0.247416434587	0.34437836307	0.275050893463	0.153459189763	0.311243535216	0.317088566371	0.478687212327	0.386617100372
0.0	debtor	creditor	0.164827405267	0.338757966582	0.339170904108	0.399380804954	0.304245283019	0.294448493133	0.530073272767	0.532542558558	0.576182136602	0.455048409405
0.0	creditor	debtor	0.164827405267	0.339170904108	0.338757966582	0.304245283019	0.399380804954	0.294448493133	0.532542558558	0.530073272767	0.455048409405	0.576182136602
0.0	kids	parents	0.0	0.0	0.0	0.0	0.0	0.0	0.0	0.0	0.0	0.0
0.0	upwind	downwind	0.0334580772599	0.0852929736025	0.0747999849641	0.0833333333333	0.093023255814	0.158155480951	0.32198674391	0.332394629568	0.463917525773	0.261627906977
0.0	downwind	upwind	0.0334580772599	0.0747999849641	0.0852929736025	0.093023255814	0.0833333333333	0.158155480951	0.332394629568	0.32198674391	0.261627906977	0.463917525773
0.0	unlawful	lawful	0.159555442049	0.325839274938	0.331213116117	0.235074626866	0.313432835821	0.204032510485	0.399261505174	0.400066142261	0.339519650655	0.47049924357
0.0	lawful	unlawful	0.159555442049	0.331213116117	0.325839274938	0.313432835821	0.235074626866	0.204032510485	0.400066142261	0.399261505174	0.47049924357	0.339519650655
0.0	sunset	sunrise	0.1425630017	0.328106746906	0.317502053847	0.169696969697	0.386206896552	0.119558184256	0.260723056651	0.251272145464	0.229488703924	0.444700460829
0.0	sunrise	sunset	0.1425630017	0.317502053847	0.328106746906	0.386206896552	0.169696969697	0.119558184256	0.251272145464	0.260723056651	0.444700460829	0.229488703924
0.0	vertical	horizontal	0.297952014462	0.546439545357	0.547308559626	0.307471264368	0.454352441614	0.286747846513	0.528661829717	0.525134830642	0.426344896933	0.578839590444
0.0	horizontal	vertical	0.297952014462	0.547308559626	0.546439545357	0.454352441614	0.307471264368	0.286747846513	0.525134830642	0.528661829717	0.578839590444	0.426344896933
0.0	thin	thick	0.208775743891	0.407133020266	0.420736637772	0.304022988506	0.359863945578	0.198877102486	0.382126167395	0.389961529742	0.41235059761	0.449633450991
0.0	thick	thin	0.208775743891	0.420736637772	0.407133020266	0.359863945578	0.304022988506	0.198877102486	0.389961529742	0.382126167395	0.449633450991	0.41235059761
0.0	import	exports	0.0178281440572	0.038544873487	0.0389922429061	0.00490948143602	0.444444444444	0.0830780006375	0.154817652608	0.150888771374	0.0276319425256	0.862068965517
0.0	import	export	0.183734843967	0.387800860989	0.373414631116	0.3083768027	0.393346379648	0.249348257745	0.478341716215	0.474183544843	0.477479966842	0.536979490367
0.0	uptown	downtown	0.0814096218743	0.209803043211	0.215515376789	0.28	0.0725388601036	0.130819116293	0.281799567174	0.295849366042	0.515625	0.155660377358
0.0	downtown	uptown	0.0814096218743	0.215515376789	0.209803043211	0.0725388601036	0.28	0.130819116293	0.295849366042	0.281799567174	0.155660377358	0.515625
0.0	west	east	0.211559022866	0.452171484875	0.455318292758	0.320116618076	0.419243986254	0.200628136484	0.403548944051	0.40192662362	0.442761122373	0.538122406639
0.0	east	west	0.211559022866	0.455318292758	0.452171484875	0.419243986254	0.320116618076	0.200628136484	0.40192662362	0.403548944051	0.538122406639	0.442761122373
0.0	insolvent	solvent	0.00871168038549	0.0140594950662	0.015093063954	0.172413793103	0.0412371134021	0.0723351599909	0.130219818809	0.152197565572	0.485875706215	0.149435273675
0.0	solvent	insolvent	0.00871168038549	0.015093063954	0.0140594950662	0.0412371134021	0.172413793103	0.0723351599909	0.152197565572	0.130219818809	0.149435273675	0.485875706215
0.0	north	south	0.251649320795	0.511667797983	0.511945161979	0.362726535028	0.423964590579	0.217744484787	0.429693626553	0.431450186753	0.492673429655	0.480415667466
0.0	south	north	0.251649320795	0.511945161979	0.511667797983	0.423964590579	0.362726535028	0.217744484787	0.431450186753	0.429693626553	0.480415667466	0.492673429655
0.0	woman	men	0.0368686196934	0.0805802041341	0.0825309844402	0.0167294385565	0.614147909968	0.0637707601655	0.123223364829	0.120637909584	0.0368443256926	0.835725677831
0.0	woman	man	0.241442059285	0.458646005425	0.460002070223	0.566436016467	0.346087980306	0.215895862767	0.411638184526	0.419919423746	0.62811137674	0.429760415664
0.0	independent	dependent	0.110931501559	0.246913745542	0.243742873634	0.181102362205	0.423039690223	0.156016684145	0.303648887868	0.294969687205	0.325178571429	0.587988375848
0.0	dependent	independent	0.110931501559	0.243742873634	0.246913745542	0.423039690223	0.181102362205	0.156016684145	0.294969687205	0.303648887868	0.587988375848	0.325178571429
0.0	parent	children	0.0435674659198	0.0929875653714	0.0941003148845	0.0690250215703	0.45197740113	0.10098652511	0.201001410372	0.202733402219	0.141701617735	0.715582450832
0.0	parent	kid	0.0985022068528	0.199578118859	0.205468310371	0.219370146678	0.407778668805	0.111959844224	0.225817044415	0.227484630822	0.270970641102	0.569763779528
0.0	mother	father	0.156092564679	0.328167028594	0.333654513064	0.338489409142	0.38048245614	0.200748018482	0.394674965449	0.39931805754	0.497519729425	0.507183082404
0.0	mother	children	0.0338432521371	0.0755976572739	0.0730496077515	0.0458472686734	0.464689265537	0.0657079277428	0.135174171369	0.127290495353	0.106426155581	0.714069591528
0.0	mother	child	0.126397453212	0.274162654752	0.268592385408	0.40607580825	0.285798352295	0.177790153214	0.354683021809	0.35494804448	0.601352874859	0.409080450955
0.0	father	mothers	0.0	0.0	0.0	0.0	0.0	0.0	0.0	0.0	0.0	0.0
0.0	father	mother	0.156092564679	0.333654513064	0.328167028594	0.38048245614	0.338489409142	0.200748018482	0.39931805754	0.394674965449	0.507183082404	0.497519729425
0.0	maximum	minimum	0.214840191525	0.433218426022	0.426437925784	0.341948310139	0.393893129771	0.203214787862	0.406269931573	0.397711360761	0.464950372208	0.508825526137
0.0	minimum	maximum	0.214840191525	0.426437925784	0.433218426022	0.393893129771	0.341948310139	0.203214787862	0.397711360761	0.406269931573	0.508825526137	0.464950372208
0.0	buy	sell	0.219627052067	0.413990283034	0.412968557571	0.372414385031	0.433683158421	0.206808274876	0.403294382268	0.402834643383	0.466585538992	0.520357385207
0.0	sell	buy	0.219627052067	0.412968557571	0.413990283034	0.433683158421	0.372414385031	0.206808274876	0.402834643383	0.403294382268	0.520357385207	0.466585538992
0.0	negative	positive	0.305155913175	0.564418323333	0.559843098707	0.48422597212	0.377358490566	0.26989695831	0.508961020344	0.508066601363	0.588841722256	0.452997434103
0.0	positive	negative	0.305155913175	0.559843098707	0.564418323333	0.377358490566	0.48422597212	0.26989695831	0.508066601363	0.508961020344	0.452997434103	0.588841722256
0.0	much	little	0.150376448958	0.320107360559	0.33747384446	0.362008702475	0.33379373849	0.172334717199	0.323599115138	0.33553110847	0.513799145767	0.522526034416
0.0	little	much	0.150376448958	0.33747384446	0.320107360559	0.33379373849	0.362008702475	0.172334717199	0.33553110847	0.323599115138	0.522526034416	0.513799145767
0.0	software	hardware	0.150597386224	0.313257216145	0.296390872582	0.169418960245	0.559031281534	0.210002134683	0.415440096452	0.388540512517	0.277906731378	0.690613529103
0.0	hardware	software	0.150597386224	0.296390872582	0.313257216145	0.559031281534	0.169418960245	0.210002134683	0.388540512517	0.415440096452	0.690613529103	0.277906731378
0.0	inside	outside	0.167451184325	0.340173364255	0.333249549086	0.402999835174	0.334793920307	0.186450106567	0.356130214225	0.360251766031	0.545539529915	0.419965045749
0.0	outside	inside	0.167451184325	0.333249549086	0.340173364255	0.334793920307	0.402999835174	0.186450106567	0.360251766031	0.356130214225	0.419965045749	0.545539529915
0.0	friday	saturday	0.172729096922	0.369949124866	0.372890725703	0.418260869565	0.323252688172	0.187651783117	0.380117372966	0.391007248351	0.529739130435	0.372189638319
0.0	friday	saturdays	0.0658626444118	0.147044955705	0.147627285911	0.0791304347826	0.52	0.12870165816	0.269506865633	0.270607643763	0.122086956522	0.704819277108
0.0	saturday	friday	0.172729096922	0.372890725703	0.369949124866	0.323252688172	0.418260869565	0.187651783117	0.391007248351	0.380117372966	0.372189638319	0.529739130435
0.0	october	november	0.180135370819	0.392879998941	0.393808309588	0.34553058024	0.366814650388	0.173847157953	0.357702808816	0.358143086473	0.452822414504	0.483076923077
0.0	november	october	0.180135370819	0.393808309588	0.392879998941	0.366814650388	0.34553058024	0.173847157953	0.358143086473	0.357702808816	0.483076923077	0.452822414504
0.0	easy	hard	0.208693480437	0.418586469112	0.421656220366	0.428884826325	0.314983888292	0.131571079057	0.266594357231	0.273286829463	0.550530941047	0.382667345381
0.0	easy	harder	0.183044616565	0.355650188532	0.370978248333	0.177330895795	0.551763367463	0.123514860175	0.249648295794	0.243465099392	0.224459904797	0.662702702703
0.0	hard	easy	0.208693480437	0.421656220366	0.418586469112	0.314983888292	0.428884826325	0.131571079057	0.273286829463	0.266594357231	0.382667345381	0.550530941047
0.0	pessimistic	optimistic	0.23811270439	0.440150937076	0.443189242906	0.556053811659	0.227106227106	0.166046217453	0.331200241489	0.335587885313	0.547309833024	0.234872611465
0.0	optimistic	pessimistic	0.23811270439	0.443189242906	0.440150937076	0.227106227106	0.556053811659	0.166046217453	0.335587885313	0.331200241489	0.234872611465	0.547309833024
0.0	bad	better	0.120104786204	0.264338894784	0.258894860463	0.484554280671	0.208983631519	0.121016558969	0.245485695889	0.254183731897	0.602063789869	0.338466406497
0.0	bad	good	0.192413561833	0.394224193318	0.38210170659	0.667255075022	0.192219679634	0.14022328191	0.283841566657	0.292402787155	0.724577861163	0.253345578588
0.0	bad	best	0.0954583266293	0.212763286777	0.206635951571	0.472639011474	0.190062111801	0.109249558144	0.215536994951	0.228427663869	0.615759849906	0.302991137371
0.0	good	bad	0.192413561833	0.38210170659	0.394224193318	0.192219679634	0.667255075022	0.14022328191	0.292402787155	0.283841566657	0.253345578588	0.724577861163
0.0	good	evil	0.0548076836602	0.127679542322	0.144969601524	0.0780574624968	0.488076311606	0.0837778512112	0.163222759483	0.160876765077	0.123655208607	0.742125984252
0.0	january	february	0.172054402262	0.378904321045	0.379873013874	0.330743618202	0.362751065125	0.182066108628	0.374789282716	0.373758956704	0.450652965104	0.489307298931
0.0	january	july	0.153437111664	0.338289514939	0.338149097168	0.373473917869	0.342842587876	0.155826587565	0.317255773583	0.324561296427	0.484478698352	0.424339021189
0.0	february	january	0.172054402262	0.379873013874	0.378904321045	0.362751065125	0.330743618202	0.182066108628	0.373758956704	0.374789282716	0.489307298931	0.450652965104
0.0	sweden	netherlands	0.0608685645858	0.129528541961	0.137117250448	0.259259259259	0.278145695364	0.107175348825	0.234653501254	0.233797905554	0.328151986183	0.408309455587
0.0	sweden	italy	0.0581678588011	0.126495753124	0.125844113561	0.411522633745	0.164880461665	0.107795092643	0.225028598779	0.23078229219	0.550374208405	0.265703168427
0.0	sweden	portugal	0.0632047097522	0.14259583015	0.141904630645	0.197530864198	0.307692307692	0.128241826894	0.276646539187	0.272176510507	0.316637881405	0.462573591253
0.0	sweden	denmark	0.0767306693806	0.179052233001	0.180850739002	0.246913580247	0.267857142857	0.14040915295	0.307295994729	0.303888891132	0.363270005757	0.444053483462
0.0	sweden	finland	0.0778994311907	0.174793211408	0.178207047859	0.172839506173	0.345679012346	0.129802716218	0.278380974983	0.273644037778	0.262521588946	0.513513513514
0.0	sweden	france	0.0621635037037	0.137931077639	0.138417333935	0.51646090535	0.105862505272	0.0965034327165	0.195156845531	0.203080641893	0.662061024755	0.182221517984
0.0	sweden	belgium	0.0590993742421	0.130893537048	0.137493369664	0.218106995885	0.257907542579	0.114939254177	0.247724628139	0.248362885904	0.347725964306	0.431428571429
0.0	sweden	austria	0.0765714378435	0.179461815217	0.176785826262	0.242798353909	0.298734177215	0.117487983804	0.252275562921	0.253217238918	0.332757628094	0.416426512968
0.0	sweden	germany	0.0707438831166	0.156733493663	0.158339441242	0.518518518519	0.118032786885	0.111417416795	0.234341004623	0.238327338733	0.636154289004	0.210476190476
0.0	sweden	greece	0.0547938242144	0.120243033367	0.119301258377	0.244855967078	0.246376811594	0.102848371008	0.217254623624	0.216670185563	0.371329879102	0.379635079459
0.0	sweden	switzerland	0.0673707912691	0.141361727974	0.146525987566	0.275720164609	0.282700421941	0.11073012819	0.236070776296	0.241986470622	0.356937248129	0.393151553583
0.0	sweden	japan	0.0705610842146	0.154913789064	0.15177781615	0.473251028807	0.14483627204	0.110240756856	0.228377996878	0.229477645841	0.579159470351	0.240095465394
0.0	sweden	norway	0.0652524709064	0.141409947658	0.138688001028	0.271604938272	0.279661016949	0.14120376941	0.30562037455	0.302320016108	0.379389752447	0.416824794434
0.0	sweden	spain	0.0550851259151	0.117323851502	0.117344380693	0.376543209877	0.170549860205	0.119286734749	0.250814334071	0.252917569826	0.53713298791	0.283242258652
0.0	switzerland	sweden	0.0673707912691	0.146525987566	0.141361727974	0.282700421941	0.275720164609	0.11073012819	0.241986470622	0.236070776296	0.393151553583	0.356937248129
0.0	switzerland	netherlands	0.0647338524855	0.151187973217	0.150702005297	0.225738396624	0.236203090508	0.0987467131048	0.219456830936	0.214015961054	0.325935320228	0.368194842407
0.0	switzerland	germany	0.0733413569656	0.168329202666	0.165238699762	0.481012658228	0.106791569087	0.105912251893	0.224702179558	0.223725823942	0.629042485732	0.188952380952
0.0	switzerland	spain	0.0616982488206	0.140577568527	0.135066323332	0.360759493671	0.159366262815	0.104864712606	0.222430284948	0.21776440526	0.523145212429	0.250455373406
0.0	low	high	0.263481689413	0.508326664982	0.505814445281	0.544033663962	0.317321178121	0.213508199259	0.407308653942	0.417622101973	0.643398533007	0.376978726452
0.0	low	highest	0.159839222048	0.336229537053	0.337352852946	0.154794108807	0.50688976378	0.143400995729	0.295403305109	0.285454911471	0.250733496333	0.642745220934
0.0	highest	low	0.159839222048	0.337352852946	0.336229537053	0.50688976378	0.154794108807	0.143400995729	0.285454911471	0.295403305109	0.642745220934	0.250733496333
0.0	high	low	0.263481689413	0.505814445281	0.508326664982	0.317321178121	0.544033663962	0.213508199259	0.417622101973	0.407308653942	0.376978726452	0.643398533007
0.0	austria	italy	0.0784800494774	0.176424685079	0.177520667923	0.455696202532	0.148392415499	0.136887290569	0.286759225621	0.290985239865	0.600144092219	0.231517509728
0.0	austria	sweden	0.0765714378435	0.176785826262	0.179461815217	0.298734177215	0.242798353909	0.117487983804	0.253217238918	0.252275562921	0.416426512968	0.332757628094
0.0	austria	australia	0.0621865032164	0.135481302924	0.140612448324	0.4	0.124213836478	0.100725115686	0.2104193054	0.210471045525	0.53242074928	0.216334894614
0.0	austria	germany	0.084250990327	0.183387947561	0.185120272624	0.562025316456	0.103981264637	0.131666946149	0.278402253257	0.278411786999	0.657780979827	0.173904761905
0.0	austria	spain	0.0729298568946	0.163079373127	0.160847845703	0.415189873418	0.15284249767	0.125293887619	0.263508236877	0.260450480634	0.565561959654	0.238312082574
0.0	australia	austria	0.0621865032164	0.140612448324	0.135481302924	0.124213836478	0.4	0.100725115686	0.210471045525	0.2104193054	0.216334894614	0.53242074928
0.0	australia	spain	0.0722952868297	0.161745669811	0.158910234264	0.24213836478	0.287045666356	0.126007155024	0.261190274008	0.261658280983	0.405444964871	0.420461445052
0.0	large	small	0.306319369535	0.546666387497	0.546329296786	0.523592386994	0.427969534921	0.229125198108	0.42467040065	0.429035458417	0.566629255518	0.49280926661
0.0	small	large	0.306319369535	0.546329296786	0.546666387497	0.427969534921	0.523592386994	0.229125198108	0.429035458417	0.42467040065	0.49280926661	0.566629255518
0.0	wet	dry	0.114919313084	0.248095877521	0.255461357664	0.355801636976	0.195347607719	0.202160500959	0.389579586869	0.398883386601	0.563254050327	0.326473526474
0.0	wet	drier	0.0440075912759	0.100958516162	0.0983705711927	0.0370727010111	0.466666666667	0.0924550848412	0.189968478748	0.183283296333	0.0889348500517	0.67362924282
0.0	dry	wet	0.114919313084	0.255461357664	0.248095877521	0.195347607719	0.355801636976	0.202160500959	0.398883386601	0.389579586869	0.326473526474	0.563254050327
0.0	drier	wet	0.0440075912759	0.0983705711927	0.100958516162	0.466666666667	0.0370727010111	0.0924550848412	0.183283296333	0.189968478748	0.67362924282	0.0889348500517
0.0	blue	white	0.174195029855	0.369538589572	0.363697246565	0.40158839779	0.232043096568	0.209901401188	0.408603114747	0.410401119397	0.60337279066	0.339012390671
0.0	blue	green	0.160497139248	0.342921672163	0.339686204515	0.401933701657	0.23510401939	0.191267563244	0.381173210292	0.383151213122	0.526349927031	0.379826819565
0.0	blue	red	0.198447403049	0.408376301629	0.402584876109	0.388121546961	0.302638664513	0.213422427142	0.415259237751	0.416988052005	0.538673585212	0.403498117333
0.0	blue	yellow	0.173599161908	0.359124375876	0.362958665235	0.220649171271	0.387038158692	0.215685860747	0.419396606622	0.419967200852	0.343765201881	0.558041589892
0.0	green	blue	0.160497139248	0.339686204515	0.342921672163	0.23510401939	0.401933701657	0.191267563244	0.383151213122	0.381173210292	0.379826819565	0.526349927031
0.0	green	red	0.158866741748	0.339417281878	0.340007875645	0.27974146637	0.372913301023	0.188238124588	0.373955344506	0.375609536293	0.452492394103	0.469695129357
0.0	son	daughter	0.145721669444	0.309757750059	0.311794882647	0.279326574946	0.364775413712	0.17297418576	0.354282160755	0.35195932967	0.376663380976	0.476168224299
0.0	daughter	son	0.145721669444	0.311794882647	0.309757750059	0.364775413712	0.279326574946	0.17297418576	0.35195932967	0.354282160755	0.476168224299	0.376663380976
0.0	yellow	blue	0.173599161908	0.362958665235	0.359124375876	0.387038158692	0.220649171271	0.215685860747	0.419967200852	0.419396606622	0.558041589892	0.343765201881
0.0	yellow	red	0.191728905114	0.394636374951	0.385470644959	0.465172622653	0.206785137318	0.208990834458	0.403875444923	0.404491534541	0.627533561464	0.289566379206
0.0	up	down	0.226066339333	0.430170703953	0.436555132645	0.427805096111	0.39085154176	0.215024351359	0.407890625108	0.396327411553	0.408678583113	0.665359287236
0.0	down	up	0.226066339333	0.436555132645	0.430170703953	0.39085154176	0.427805096111	0.215024351359	0.396327411553	0.407890625108	0.665359287236	0.408678583113
0.0	simple	complex	0.10746191789	0.227702221824	0.236369428871	0.27900466563	0.248614190687	0.145713629352	0.286631322169	0.29276104998	0.405550952775	0.466338520165
0.0	complex	simple	0.10746191789	0.236369428871	0.227702221824	0.248614190687	0.27900466563	0.145713629352	0.29276104998	0.286631322169	0.466338520165	0.405550952775
0.0	boy	girl	0.218585948326	0.428982212448	0.426331605637	0.428815136476	0.411519571365	0.214419756797	0.424106491589	0.424005215469	0.511576080228	0.497651451283
0.0	girl	boy	0.218585948326	0.426331605637	0.428982212448	0.411519571365	0.428815136476	0.214419756797	0.424005215469	0.424106491589	0.497651451283	0.511576080228
0.0	black	white	0.225084382582	0.446171162963	0.454360881833	0.356921957431	0.391460494812	0.2483870959	0.46876386735	0.471554353561	0.50311742293	0.529336734694
0.0	black	red	0.19978932473	0.410671861312	0.41567813357	0.283245406585	0.419224555735	0.207812785581	0.406018945421	0.406865455542	0.396432282646	0.556054901008
0.0	white	blue	0.174195029855	0.363697246565	0.369538589572	0.232043096568	0.40158839779	0.209901401188	0.410401119397	0.408603114747	0.339012390671	0.60337279066
0.0	white	black	0.225084382582	0.454360881833	0.446171162963	0.391460494812	0.356921957431	0.2483870959	0.471554353561	0.46876386735	0.529336734694	0.50311742293
0.0	rear	front	0.0888063696128	0.223409394099	0.218671773561	0.362057877814	0.140224159402	0.152643010465	0.305783099387	0.311808681263	0.654251581167	0.216965742251
0.0	front	back	0.0528747636591	0.137105997072	0.131557096273	0.378580323786	0.148757095322	0.160775856691	0.308406043231	0.317575735291	0.693078536472	0.284076798166
0.0	front	rear	0.0888063696128	0.218671773561	0.223409394099	0.140224159402	0.362057877814	0.152643010465	0.311808681263	0.305783099387	0.216965742251	0.654251581167
0.0	top	bottom	0.101041981295	0.231679245745	0.226540864675	0.145867583321	0.500769625449	0.166585213551	0.334764297953	0.318428717096	0.253431598342	0.689473684211
0.0	bottom	top	0.101041981295	0.226540864675	0.231679245745	0.500769625449	0.145867583321	0.166585213551	0.318428717096	0.334764297953	0.689473684211	0.253431598342
0.0	indonesia	india	0.0917216871903	0.21558360951	0.208467766258	0.442136498516	0.124790619765	0.141827134012	0.296718930722	0.297207913566	0.634892086331	0.202698822854
0.0	india	japan	0.0993913098375	0.213604042255	0.21047989849	0.35175879397	0.264483627204	0.137799967858	0.279481870544	0.279395189162	0.482629916738	0.401193317422
0.0	india	indonesia	0.0917216871903	0.208467766258	0.21558360951	0.124790619765	0.442136498516	0.141827134012	0.297207913566	0.296718930722	0.202698822854	0.634892086331
0.0	india	china	0.107012880208	0.237027392182	0.238782052572	0.353433835846	0.254830917874	0.164816395151	0.333828310338	0.333084377547	0.479758828596	0.422716923855
0.0	child	mother	0.126397453212	0.268592385408	0.274162654752	0.285798352295	0.40607580825	0.177790153214	0.35494804448	0.354683021809	0.409080450955	0.601352874859
0.0	pakistan	afghanistan	0.0534884402972	0.115684750546	0.108569841182	0.115987460815	0.36815920398	0.150684497159	0.318261786266	0.314497256026	0.239018824872	0.519851116625
0.0	pakistan	iran	0.0775323139995	0.156380746657	0.153144094398	0.278996865204	0.251057827927	0.169789452082	0.34681941231	0.344938019073	0.454078722191	0.407369498465
0.0	afghanistan	pakistan	0.0534884402972	0.108569841182	0.115684750546	0.36815920398	0.115987460815	0.150684497159	0.314497256026	0.318261786266	0.519851116625	0.239018824872
0.0	long	short	0.18638363555	0.384196488205	0.389024303261	0.265752665836	0.515860215054	0.165445471101	0.335222354228	0.327144713969	0.356066460587	0.644030285381
0.0	short	long	0.18638363555	0.389024303261	0.384196488205	0.515860215054	0.265752665836	0.165445471101	0.327144713969	0.335222354228	0.644030285381	0.356066460587
0.0	france	brazil	0.0667458231042	0.146556821794	0.144770636107	0.12315478701	0.485049833887	0.0978015591768	0.202113055645	0.194475807274	0.183489145936	0.64404894327
0.0	france	netherlands	0.0792357085494	0.180775060364	0.185419937537	0.0948966680725	0.496688741722	0.102810430375	0.217637534317	0.210463037842	0.154967517034	0.700573065903
0.0	france	italy	0.102576280697	0.231357625757	0.228396266112	0.223956136651	0.437757625721	0.136806330953	0.288812759114	0.285130135716	0.324195848518	0.568649249583
0.0	france	portugal	0.0715586748107	0.157902941788	0.153697627848	0.0754955714888	0.573717948718	0.111364946597	0.231468686374	0.223140372139	0.13611155126	0.722455845248
0.0	france	finland	0.0612323124723	0.134478029008	0.136391510391	0.0560944749051	0.547325102881	0.0974544152067	0.198963572516	0.191831612456	0.104896212961	0.745495495495
0.0	france	sweden	0.0621635037037	0.138417333935	0.137931077639	0.105862505272	0.51646090535	0.0965034327165	0.203080641893	0.195156845531	0.182221517984	0.662061024755
0.0	france	germany	0.115202405443	0.252638656854	0.250695569301	0.331927456769	0.368618266979	0.154710663039	0.323160459176	0.316929837317	0.431627317382	0.518857142857
0.0	france	greece	0.0709592350705	0.161736543763	0.15756456904	0.102910164488	0.505175983437	0.110971356941	0.22892186473	0.218585919235	0.181587704009	0.674514420247
0.0	france	belgium	0.081636149622	0.183138348071	0.187704876115	0.0881484605652	0.508515815085	0.118170615256	0.251040213928	0.245029753637	0.157978133418	0.712142857143
0.0	france	japan	0.114376508065	0.25051097429	0.238689966387	0.281315900464	0.420025188917	0.134327684987	0.278545570184	0.266747982062	0.36571066392	0.550835322196
0.0	france	norway	0.0692743829335	0.154354641129	0.151311167969	0.102066638549	0.512711864407	0.0998807691965	0.206567479646	0.197029238771	0.170971319918	0.68247944339
0.0	france	russia	0.109579184524	0.23761439052	0.22536016635	0.237030788697	0.469899665552	0.141866091941	0.286984088293	0.270289114969	0.317540801775	0.617946345976
0.0	france	spain	0.113491673065	0.253482696007	0.25050135623	0.217207929144	0.479962721342	0.150249293456	0.310638609311	0.299308685568	0.321343685628	0.615664845173
0.0	france	england	0.0995792914962	0.229321889154	0.224031456574	0.398144242935	0.273623188406	0.134496916648	0.278051241181	0.271097275607	0.52416415782	0.395457262403
0.0	germany	brazil	0.0745472854932	0.162458428378	0.161913529396	0.137236533958	0.486710963455	0.09950424976	0.204487794645	0.202386924375	0.210476190476	0.614571746385
0.0	germany	turkey	0.0612025399049	0.134444576909	0.133942758884	0.155503512881	0.378563283922	0.108895952338	0.224111580763	0.22040680017	0.241142857143	0.578346276839
0.0	germany	netherlands	0.0819772850542	0.185018738975	0.193159884096	0.100234192037	0.472406181015	0.111039650411	0.236799296141	0.234671141567	0.176380952381	0.663323782235
0.0	germany	italy	0.118681968926	0.264692121199	0.263303121381	0.247306791569	0.435284418796	0.147513057513	0.31089815885	0.312032028533	0.366476190476	0.534741523068
0.0	germany	poland	0.0999564492539	0.21562822496	0.206850229967	0.165807962529	0.530734632684	0.152050353949	0.309785476621	0.29998632816	0.25619047619	0.69045174538
0.0	germany	finland	0.0768414988042	0.167596897327	0.170500343608	0.064168618267	0.56378600823	0.11014016902	0.22654932599	0.222567459368	0.124571428571	0.736486486486
0.0	germany	sweden	0.0707438831166	0.158339441242	0.156733493663	0.118032786885	0.518518518519	0.111417416795	0.238327338733	0.234341004623	0.210476190476	0.636154289004
0.0	germany	france	0.115202405443	0.250695569301	0.252638656854	0.368618266979	0.331927456769	0.154710663039	0.316929837317	0.323160459176	0.518857142857	0.431627317382
0.0	germany	britain	0.10785373505	0.237049499201	0.224810893661	0.464637002342	0.238863472189	0.14868782419	0.295389290182	0.293074296404	0.609904761905	0.344005156854
0.0	germany	switzerland	0.0733413569656	0.165238699762	0.168329202666	0.106791569087	0.481012658228	0.105912251893	0.223725823942	0.224702179558	0.188952380952	0.629042485732
0.0	germany	austria	0.084250990327	0.185120272624	0.183387947561	0.103981264637	0.562025316456	0.131666946149	0.278411786999	0.278402253257	0.173904761905	0.657780979827
0.0	germany	ireland	0.0924174731869	0.208627943164	0.202875073395	0.310070257611	0.323400097704	0.120387149025	0.247684346175	0.242754376004	0.424952380952	0.460474716202
0.0	germany	greece	0.0795736283593	0.177161205456	0.17377838874	0.12037470726	0.532091097308	0.123256538971	0.25400390341	0.248137761758	0.210857142857	0.651559741024
0.0	germany	belgium	0.0813588964769	0.18387966422	0.191259702389	0.0908665105386	0.47201946472	0.115360668025	0.244007453181	0.242412095604	0.179428571429	0.672857142857
0.0	germany	japan	0.12680959704	0.281148545238	0.270045702194	0.295550351288	0.397355163728	0.145053353704	0.296875491426	0.290134951181	0.414095238095	0.518854415274
0.0	germany	argentina	0.0762237868155	0.167778049007	0.167751439925	0.0913348946136	0.568513119534	0.10382493101	0.209336916156	0.206627127694	0.152380952381	0.671704450042
0.0	germany	norway	0.08411557178	0.188747732923	0.186085715284	0.118969555035	0.53813559322	0.112634823202	0.23632936646	0.229330949597	0.196380952381	0.652118912081
0.0	germany	russia	0.118169712396	0.255040410982	0.244685580468	0.259484777518	0.463210702341	0.15559198362	0.314308003098	0.303723545118	0.360761904762	0.584027135368
0.0	germany	spain	0.105366103086	0.233430548678	0.233139912087	0.222950819672	0.443616029823	0.135555710922	0.280612740898	0.275102546889	0.346476190476	0.552216150577
0.0	germany	england	0.0855439100118	0.193458729567	0.191728525368	0.393442622951	0.24347826087	0.120232840056	0.242083625202	0.244280770854	0.553714285714	0.347519426181
0.0	decrease	increase	0.208637256955	0.394634257057	0.382963033253	0.765175011077	0.117443046583	0.241303242446	0.436211303175	0.434779275101	0.832521543649	0.189251341453
0.0	decrease	increases	0.0	0.0	0.0	0.0	0.0	0.0150146110009	0.0284584542966	0.0263710385038	0.00299737729487	0.727272727273
0.0	liberal	conservative	0.16892088521	0.359151825391	0.349308945775	0.415127020785	0.311255411255	0.208618017952	0.410523632682	0.405937608175	0.519065190652	0.457601387985
0.0	conservative	liberal	0.16892088521	0.349308945775	0.359151825391	0.311255411255	0.415127020785	0.208618017952	0.405937608175	0.410523632682	0.457601387985	0.519065190652
0.0	norway	canada	0.0784947784377	0.164785143772	0.176232283291	0.362288135593	0.198837209302	0.12429290915	0.261230355752	0.264882321119	0.490196078431	0.305478912101
0.0	norway	netherlands	0.0630686585271	0.140843470059	0.150336133232	0.243644067797	0.253863134658	0.117933576147	0.258244534631	0.259643525452	0.349146110057	0.395415472779
0.0	norway	italy	0.086678343306	0.190761574821	0.19426172202	0.434322033898	0.169002473207	0.128489450674	0.264509605146	0.273887744242	0.586337760911	0.257643135075
0.0	norway	denmark	0.0835186254657	0.192236371939	0.198256980772	0.25	0.263392857143	0.175577929768	0.375129881332	0.375025096115	0.394686907021	0.439127375088
0.0	norway	poland	0.0800544482708	0.172381018852	0.172774490353	0.315677966102	0.223388305847	0.138001404005	0.290774756182	0.289802877608	0.439595192916	0.356776180698
0.0	norway	finland	0.0998207057385	0.222119687443	0.227670478722	0.188559322034	0.366255144033	0.143918214838	0.307023354255	0.305361593132	0.277039848197	0.493243243243
0.0	norway	britain	0.0648236735424	0.139539519979	0.136550738199	0.622881355932	0.0707921984108	0.106177591037	0.205511370864	0.211668629247	0.743833017078	0.126342930812
0.0	norway	france	0.0692743829335	0.151311167969	0.154354641129	0.512711864407	0.102066638549	0.0998807691965	0.197029238771	0.206567479646	0.68247944339	0.170971319918
0.0	norway	sweden	0.0652524709064	0.138688001028	0.141409947658	0.279661016949	0.271604938272	0.14120376941	0.302320016108	0.30562037455	0.416824794434	0.379389752447
0.0	norway	germany	0.08411557178	0.186085715284	0.188747732923	0.53813559322	0.118969555035	0.112634823202	0.229330949597	0.23632936646	0.652118912081	0.196380952381
0.0	norway	iceland	0.0873102861025	0.203978142646	0.202179318563	0.152542372881	0.375	0.148589344203	0.319814144777	0.318476887513	0.229601518027	0.533039647577
0.0	norway	japan	0.082392876876	0.183618576489	0.182406526287	0.46186440678	0.137279596977	0.112443269653	0.230870982498	0.234549828641	0.585072738773	0.22076372315
0.0	norway	spain	0.0861461789143	0.193911528498	0.196777289559	0.402542372881	0.177073625349	0.117559883175	0.242474768775	0.247325046068	0.543327008223	0.260777170613
0.0	netherlands	italy	0.0851251576434	0.202332407851	0.196368735632	0.384105960265	0.143446001649	0.110371845947	0.235965173612	0.241655157829	0.571633237822	0.221789883268
0.0	netherlands	denmark	0.069875293278	0.172644927491	0.166917252656	0.218543046358	0.220982142857	0.118318892692	0.262990618622	0.259719855542	0.373209169054	0.366643209008
0.0	netherlands	poland	0.0529193354099	0.115025396862	0.103801856561	0.282560706402	0.191904047976	0.117890379408	0.248057604505	0.247042201203	0.454154727794	0.32546201232
0.0	netherlands	finland	0.0576043216352	0.139072442971	0.132785114772	0.154525386313	0.288065843621	0.120796054227	0.261047374753	0.257784368334	0.284383954155	0.447072072072
0.0	netherlands	france	0.0792357085494	0.185419937537	0.180775060364	0.496688741722	0.0948966680725	0.102810430375	0.210463037842	0.217637534317	0.700573065903	0.154967517034
0.0	netherlands	belgium	0.0948842741417	0.218986657494	0.221679190483	0.251655629139	0.277372262774	0.123018012152	0.267308704693	0.270736527874	0.376790830946	0.375714285714
0.0	netherlands	sweden	0.0608685645858	0.137117250448	0.129528541961	0.278145695364	0.259259259259	0.107175348825	0.233797905554	0.234653501254	0.408309455587	0.328151986183
0.0	netherlands	germany	0.0819772850542	0.193159884096	0.185018738975	0.472406181015	0.100234192037	0.111039650411	0.234671141567	0.236799296141	0.663323782235	0.176380952381
0.0	netherlands	switzerland	0.0647338524855	0.150702005297	0.151187973217	0.236203090508	0.225738396624	0.0987467131048	0.214015961054	0.219456830936	0.368194842407	0.325935320228
0.0	netherlands	norway	0.0630686585271	0.150336133232	0.140843470059	0.253863134658	0.243644067797	0.117933576147	0.259643525452	0.258244534631	0.395415472779	0.349146110057
0.0	netherlands	spain	0.0607617558194	0.143329495314	0.137380379223	0.342163355408	0.144454799627	0.115163154006	0.245455435086	0.24610460127	0.563037249284	0.238615664845
0.0	latvia	estonia	0.184495480939	0.424969260179	0.418122507591	0.281818181818	0.269565217391	0.310426595895	0.577839142003	0.578298233776	0.438478747204	0.4375
0.0	estonia	latvia	0.184495480939	0.418122507591	0.424969260179	0.269565217391	0.281818181818	0.310426595895	0.578298233776	0.577839142003	0.4375	0.438478747204
0.0	estonia	lithuania	0.129524951514	0.274132484638	0.285462005568	0.434782608696	0.224215246637	0.285024308328	0.541576027972	0.54013353471	0.546875	0.308564231738
0.0	july	january	0.153437111664	0.338149097168	0.338289514939	0.342842587876	0.373473917869	0.155826587565	0.324561296427	0.317255773583	0.424339021189	0.484478698352
0.0	scotland	england	0.132690525958	0.301496620144	0.296102170494	0.424242424242	0.296231884058	0.188032889541	0.370183455502	0.370197832237	0.585623678647	0.430484160191
0.0	england	germany	0.0855439100118	0.191728525368	0.193458729567	0.24347826087	0.393442622951	0.120232840056	0.244280770854	0.242083625202	0.347519426181	0.553714285714
0.0	england	scotland	0.132690525958	0.296102170494	0.301496620144	0.296231884058	0.424242424242	0.188032889541	0.370197832237	0.370183455502	0.430484160191	0.585623678647
0.0	england	france	0.0995792914962	0.224031456574	0.229321889154	0.273623188406	0.398144242935	0.134496916648	0.271097275607	0.278051241181	0.395457262403	0.52416415782
0.0	bisexual	homosexual	0.0738015453737	0.146232413019	0.144068748563	0.520833333333	0.0507099391481	0.109164790271	0.220689953221	0.230345734926	0.677777777778	0.0917293233083
0.0	homosexual	bisexual	0.0738015453737	0.144068748563	0.146232413019	0.0507099391481	0.520833333333	0.109164790271	0.230345734926	0.220689953221	0.0917293233083	0.677777777778
0.0	red	blue	0.198447403049	0.402584876109	0.408376301629	0.302638664513	0.388121546961	0.213422427142	0.416988052005	0.415259237751	0.403498117333	0.538673585212
0.0	red	green	0.158866741748	0.340007875645	0.339417281878	0.372913301023	0.27974146637	0.188238124588	0.375609536293	0.373955344506	0.469695129357	0.452492394103
0.0	red	black	0.19978932473	0.41567813357	0.410671861312	0.419224555735	0.283245406585	0.207812785581	0.406865455542	0.406018945421	0.556054901008	0.396432282646
0.0	red	yellow	0.191728905114	0.385470644959	0.394636374951	0.206785137318	0.465172622653	0.208990834458	0.404491534541	0.403875444923	0.289566379206	0.627533561464
0.0	spain	romania	0.0849567518805	0.182689849618	0.176680466857	0.177073625349	0.432801822323	0.135082972211	0.276250456015	0.268787876557	0.251062537948	0.597975415763
0.0	spain	portugal	0.074260108637	0.167494860763	0.163677013217	0.132339235788	0.455128205128	0.167809084718	0.348235257546	0.342381017844	0.232544019429	0.644238856182
0.0	spain	mexico	0.0616428543983	0.13309699967	0.131706422723	0.169617893756	0.372950819672	0.128999641835	0.264914950028	0.264789983034	0.286885245902	0.537848605578
0.0	spain	austria	0.0729298568946	0.160847845703	0.163079373127	0.15284249767	0.415189873418	0.125293887619	0.260450480634	0.263508236877	0.238312082574	0.565561959654
0.0	spain	greece	0.0716534974245	0.164311287846	0.162548189122	0.174277726002	0.387163561077	0.137417439761	0.285308953689	0.281144718533	0.283849423194	0.550323719835
0.0	spain	japan	0.0865485829256	0.188206566319	0.184268765006	0.358807082945	0.242443324937	0.131747404657	0.266534842034	0.265829470188	0.490588949605	0.385680190931
0.0	spain	canada	0.0689829025392	0.1498438357	0.157012915595	0.232991612302	0.290697674419	0.121593127632	0.251695154935	0.249254024958	0.3627808136	0.471028774143
0.0	spain	italy	0.111986395334	0.255158880143	0.254551938184	0.342963653308	0.303380049464	0.14908124343	0.304971031065	0.311893026207	0.472677595628	0.43274041134
0.0	spain	france	0.113491673065	0.25050135623	0.253482696007	0.479962721342	0.217207929144	0.150249293456	0.299308685568	0.310638609311	0.615664845173	0.321343685628
0.0	spain	ireland	0.0796855590692	0.177914732324	0.175779371718	0.393289841566	0.206155349292	0.132475054206	0.269570825511	0.269544949407	0.528536733455	0.359339525284
0.0	spain	argentina	0.0572154777133	0.12604009335	0.12668882569	0.12954333644	0.405247813411	0.135500437561	0.280146521177	0.279715299108	0.21766848816	0.60201511335
0.0	spain	norway	0.0861461789143	0.196777289559	0.193911528498	0.177073625349	0.402542372881	0.117559883175	0.247325046068	0.242474768775	0.260777170613	0.543327008223
0.0	spain	brazil	0.062132266676	0.133654570888	0.133112782925	0.193849021435	0.345514950166	0.119320387102	0.245876003845	0.245577348128	0.290831815422	0.532814238042
0.0	spain	australia	0.0722952868297	0.158910234264	0.161745669811	0.287045666356	0.24213836478	0.126007155024	0.261658280983	0.261190274008	0.420461445052	0.405444964871
0.0	spain	slovenia	0.0470994096404	0.0968697454785	0.088225623014	0.071761416589	0.542253521127	0.0987247880146	0.198372436447	0.187137437267	0.114754098361	0.71320754717
0.0	spain	germany	0.105366103086	0.233139912087	0.233430548678	0.443616029823	0.222950819672	0.135555710922	0.275102546889	0.280612740898	0.552216150577	0.346476190476
0.0	spain	belgium	0.081450765631	0.185421521295	0.191539229052	0.147250698975	0.384428223844	0.112668162286	0.238104224669	0.238107550047	0.238615664845	0.561428571429
0.0	spain	netherlands	0.0607617558194	0.137380379223	0.143329495314	0.144454799627	0.342163355408	0.115163154006	0.24610460127	0.245455435086	0.238615664845	0.563037249284
0.0	spain	denmark	0.0750686040304	0.169745806889	0.169545245292	0.157502329916	0.377232142857	0.115206647719	0.244989427722	0.239190904226	0.244990892532	0.56790992259
0.0	spain	poland	0.0767344058715	0.164867278693	0.15935893486	0.227399813607	0.365817091454	0.144025709824	0.296092491605	0.291486205981	0.325136612022	0.549794661191
0.0	spain	finland	0.066288449308	0.144675068333	0.146918771622	0.0997204100652	0.440329218107	0.120522130038	0.24957954077	0.245973066473	0.174863387978	0.648648648649
0.0	spain	sweden	0.0550851259151	0.117344380693	0.117323851502	0.170549860205	0.376543209877	0.119286734749	0.252917569826	0.250814334071	0.283242258652	0.53713298791
0.0	spain	switzerland	0.0616982488206	0.135066323332	0.140577568527	0.159366262815	0.360759493671	0.104864712606	0.21776440526	0.222430284948	0.250455373406	0.523145212429
0.0	spain	russia	0.107135649524	0.235688571712	0.226620067852	0.342031686859	0.306856187291	0.1590004658	0.318938231059	0.31414590732	0.455373406193	0.462534690102
0.0	past	future	0.0574812614315	0.135243572179	0.127700280271	0.205261593341	0.315224834513	0.125427895173	0.255898306553	0.243373460447	0.40997983871	0.521143003588
0.0	past	present	0.0338631554117	0.0752943617795	0.0807868701081	0.301724137931	0.148478642481	0.122974210569	0.232346475297	0.243835177754	0.540322580645	0.379066478076
0.0	present	past	0.0338631554117	0.0807868701081	0.0752943617795	0.148478642481	0.301724137931	0.122974210569	0.243835177754	0.232346475297	0.379066478076	0.540322580645
0.0	left	right	0.0890642033679	0.224343996906	0.218457346568	0.527851458886	0.123343921903	0.152572498901	0.322708192061	0.324410316439	0.665390749601	0.295195641407
0.0	right	left	0.0890642033679	0.218457346568	0.224343996906	0.123343921903	0.527851458886	0.152572498901	0.324410316439	0.322708192061	0.295195641407	0.665390749601
0.0	chile	argentina	0.0573679732117	0.1243773135	0.127171937175	0.305555555556	0.192419825073	0.163943238946	0.351241695711	0.349137229106	0.439299123905	0.294710327456
0.0	chile	mexico	0.0623943029346	0.135711394125	0.133518484952	0.37037037037	0.16393442623	0.156735089849	0.331496744541	0.334433277458	0.520650813517	0.236767216847
0.0	argentina	brazil	0.0736805665687	0.166259229333	0.16399862736	0.332361516035	0.189368770764	0.158348729542	0.331788962741	0.333759308169	0.491183879093	0.325361512792
0.0	argentina	germany	0.0762237868155	0.167751439925	0.167778049007	0.568513119534	0.0913348946136	0.10382493101	0.206627127694	0.209336916156	0.671704450042	0.152380952381
0.0	argentina	spain	0.0572154777133	0.12668882569	0.12604009335	0.405247813411	0.12954333644	0.135500437561	0.279715299108	0.280146521177	0.60201511335	0.21766848816
0.0	argentina	chile	0.0573679732117	0.127171937175	0.1243773135	0.192419825073	0.305555555556	0.163943238946	0.349137229106	0.351241695711	0.294710327456	0.439299123905
0.0	argentina	mexico	0.0779148753279	0.175495943362	0.171717616576	0.32361516035	0.227459016393	0.149835342305	0.313441787686	0.317224489957	0.459277917716	0.311326124075
0.0	finland	netherlands	0.0576043216352	0.132785114772	0.139072442971	0.288065843621	0.154525386313	0.120796054227	0.257784368334	0.261047374753	0.447072072072	0.284383954155
0.0	finland	italy	0.0600619253839	0.13699492905	0.134704832685	0.444444444444	0.0890354492993	0.107403543891	0.217948199426	0.225223073421	0.650900900901	0.160644802668
0.0	finland	denmark	0.0660592093364	0.160327852292	0.16245212911	0.279835390947	0.151785714286	0.148571787436	0.317936655147	0.319892245291	0.484234234234	0.302603800141
0.0	finland	france	0.0612323124723	0.136391510391	0.134478029008	0.547325102881	0.0560944749051	0.0974544152067	0.191831612456	0.198963572516	0.745495495495	0.104896212961
0.0	finland	sweden	0.0778994311907	0.178207047859	0.174793211408	0.345679012346	0.172839506173	0.129802716218	0.273644037778	0.278380974983	0.513513513514	0.262521588946
0.0	finland	germany	0.0768414988042	0.170500343608	0.167596897327	0.56378600823	0.064168618267	0.11014016902	0.222567459368	0.22654932599	0.736486486486	0.124571428571
0.0	finland	japan	0.0870286939967	0.199453993659	0.191724692232	0.510288065844	0.0780856423174	0.108633107939	0.218698114635	0.222308453973	0.676801801802	0.143436754177
0.0	finland	norway	0.0998207057385	0.227670478722	0.222119687443	0.366255144033	0.188559322034	0.143918214838	0.305361593132	0.307023354255	0.493243243243	0.277039848197
0.0	finland	spain	0.066288449308	0.146918771622	0.144675068333	0.440329218107	0.0997204100652	0.120522130038	0.245973066473	0.24957954077	0.648648648649	0.174863387978
0.0	romania	hungary	0.0913011099029	0.193476994362	0.186914060639	0.284738041002	0.285388127854	0.171065530885	0.354412723733	0.354483054866	0.437454808388	0.400397088021
0.0	romania	italy	0.0722389752929	0.153072323982	0.156254941191	0.421412300683	0.15251442704	0.120072755633	0.235115999197	0.248259704612	0.613882863341	0.23596442468
0.0	romania	slovakia	0.085680752602	0.181867478538	0.174603683388	0.109339407745	0.545454545455	0.111922183306	0.238453288428	0.233620524208	0.140997830803	0.529891304348
0.0	romania	spain	0.0849567518805	0.176680466857	0.182689849618	0.432801822323	0.177073625349	0.135082972211	0.268787876557	0.276250456015	0.597975415763	0.251062537948
0.0	romania	bulgaria	0.103508298998	0.235275224835	0.231081789804	0.198177676538	0.370212765957	0.187702299337	0.387876000311	0.388533157248	0.295010845987	0.510638297872
0.0	slovakia	romania	0.085680752602	0.174603683388	0.181867478538	0.545454545455	0.109339407745	0.111922183306	0.233620524208	0.238453288428	0.529891304348	0.140997830803
0.0	future	past	0.0574812614315	0.127700280271	0.135243572179	0.315224834513	0.205261593341	0.125427895173	0.243373460447	0.255898306553	0.521143003588	0.40997983871
0.0	doctor	patient	0.0638148553104	0.139072015058	0.142620393595	0.269904126719	0.257557677009	0.121236669778	0.248324646893	0.259346758933	0.489459367562	0.389211842639
0.0	patient	doctor	0.0638148553104	0.142620393595	0.139072015058	0.257557677009	0.269904126719	0.121236669778	0.259346758933	0.248324646893	0.389211842639	0.489459367562
0.0	brazil	mexico	0.0800667841369	0.184641038639	0.179577683797	0.239202657807	0.295081967213	0.1466187488	0.310908579807	0.310783801857	0.393214682981	0.402390438247
0.0	brazil	france	0.0667458231042	0.144770636107	0.146556821794	0.485049833887	0.12315478701	0.0978015591768	0.194475807274	0.202113055645	0.64404894327	0.183489145936
0.0	brazil	germany	0.0745472854932	0.161913529396	0.162458428378	0.486710963455	0.137236533958	0.09950424976	0.202386924375	0.204487794645	0.614571746385	0.210476190476
0.0	brazil	japan	0.109248904756	0.244486612285	0.239312903413	0.455149501661	0.172544080605	0.120550238879	0.246653945109	0.245866516445	0.580088987764	0.24892601432
0.0	brazil	argentina	0.0736805665687	0.16399862736	0.166259229333	0.189368770764	0.332361516035	0.158348729542	0.333759308169	0.331788962741	0.325361512792	0.491183879093
0.0	brazil	spain	0.062132266676	0.133112782925	0.133654570888	0.345514950166	0.193849021435	0.119320387102	0.245577348128	0.245876003845	0.532814238042	0.290831815422
0.0	portugal	sweden	0.0632047097522	0.141904630645	0.14259583015	0.307692307692	0.197530864198	0.128241826894	0.272176510507	0.276646539187	0.462573591253	0.316637881405
0.0	portugal	france	0.0715586748107	0.153697627848	0.157902941788	0.573717948718	0.0754955714888	0.111364946597	0.223140372139	0.231468686374	0.722455845248	0.13611155126
0.0	portugal	italy	0.071595182631	0.156236846895	0.159121103354	0.461538461538	0.118713932399	0.13620861334	0.279834798555	0.287610487766	0.649285113541	0.21456364647
0.0	portugal	spain	0.074260108637	0.163677013217	0.167494860763	0.455128205128	0.132339235788	0.167809084718	0.342381017844	0.348235257546	0.644238856182	0.232544019429
0.0	portugal	greece	0.0660944803412	0.149236544385	0.148897812391	0.307692307692	0.198757763975	0.125292476611	0.264917824158	0.266811747277	0.44070647603	0.308416715715
0.0	bulgaria	romania	0.103508298998	0.231081789804	0.235275224835	0.370212765957	0.198177676538	0.187702299337	0.388533157248	0.387876000311	0.510638297872	0.295010845987
0.0	rich	poor	0.0891526997362	0.191513219298	0.200028441464	0.330751708428	0.194690265487	0.130298836633	0.259655425219	0.259539375025	0.505106048704	0.344034242911
0.0	poor	rich	0.0891526997362	0.200028441464	0.191513219298	0.194690265487	0.330751708428	0.130298836633	0.259539375025	0.259655425219	0.344034242911	0.505106048704
0.0	greece	italy	0.0909369609338	0.203885080513	0.209546680378	0.43685300207	0.173948887057	0.138365640269	0.280604240272	0.290515337077	0.587992937022	0.277654252362
0.0	greece	portugal	0.0660944803412	0.148897812391	0.149236544385	0.198757763975	0.307692307692	0.125292476611	0.266811747277	0.264917824158	0.308416715715	0.44070647603
0.0	greece	france	0.0709592350705	0.15756456904	0.161736543763	0.505175983437	0.102910164488	0.110971356941	0.218585919235	0.22892186473	0.674514420247	0.181587704009
0.0	greece	sweden	0.0547938242144	0.119301258377	0.120243033367	0.246376811594	0.244855967078	0.102848371008	0.216670185563	0.217254623624	0.379635079459	0.371329879102
0.0	greece	germany	0.0795736283593	0.17377838874	0.177161205456	0.532091097308	0.12037470726	0.123256538971	0.248137761758	0.25400390341	0.651559741024	0.210857142857
0.0	greece	spain	0.0716534974245	0.162548189122	0.164311287846	0.387163561077	0.174277726002	0.137417439761	0.281144718533	0.285308953689	0.550323719835	0.283849423194
0.0	belgium	netherlands	0.0948842741417	0.221679190483	0.218986657494	0.277372262774	0.251655629139	0.123018012152	0.270736527874	0.267308704693	0.375714285714	0.376790830946
0.0	belgium	italy	0.0860624733662	0.202554543483	0.196361007358	0.411192214112	0.139323990107	0.120644691055	0.25526243669	0.259360017773	0.592142857143	0.230405780989
0.0	belgium	luxembourg	0.0641719957214	0.159769381101	0.14889350274	0.155717761557	0.280701754386	0.141927741063	0.309123380388	0.298818612731	0.265714285714	0.496
0.0	belgium	france	0.081636149622	0.187704876115	0.183138348071	0.508515815085	0.0881484605652	0.118170615256	0.245029753637	0.251040213928	0.712142857143	0.157978133418
0.0	belgium	sweden	0.0590993742421	0.137493369664	0.130893537048	0.257907542579	0.218106995885	0.114939254177	0.248362885904	0.247724628139	0.431428571429	0.347725964306
0.0	belgium	germany	0.0813588964769	0.191259702389	0.18387966422	0.47201946472	0.0908665105386	0.115360668025	0.242412095604	0.244007453181	0.672857142857	0.179428571429
0.0	belgium	spain	0.081450765631	0.191539229052	0.185421521295	0.384428223844	0.147250698975	0.112668162286	0.238107550047	0.238104224669	0.561428571429	0.238615664845
0.0	italy	canada	0.0673074481877	0.140226452431	0.146523226707	0.224237427865	0.316279069767	0.114154158618	0.239680300197	0.231969935544	0.342690383546	0.486007094994
0.0	italy	romania	0.0722389752929	0.156254941191	0.153072323982	0.15251442704	0.421412300683	0.120072755633	0.248259704612	0.235115999197	0.23596442468	0.613882863341
0.0	italy	netherlands	0.0851251576434	0.196368735632	0.202332407851	0.143446001649	0.384105960265	0.110371845947	0.241655157829	0.235965173612	0.221789883268	0.571633237822
0.0	italy	portugal	0.071595182631	0.159121103354	0.156236846895	0.118713932399	0.461538461538	0.13620861334	0.287610487766	0.279834798555	0.21456364647	0.649285113541
0.0	italy	denmark	0.0736294838907	0.175260628227	0.176151316985	0.137675185491	0.372767857143	0.110101901373	0.236607674396	0.226861760819	0.232073374097	0.587614356087
0.0	italy	poland	0.0820689325733	0.181020953636	0.173104512098	0.212695795548	0.386806596702	0.133164308755	0.278129418279	0.267477280564	0.305169538633	0.563655030801
0.0	italy	finland	0.0600619253839	0.134704832685	0.13699492905	0.0890354492993	0.444444444444	0.107403543891	0.225223073421	0.217948199426	0.160644802668	0.650900900901
0.0	italy	sweden	0.0581678588011	0.125844113561	0.126495753124	0.164880461665	0.411522633745	0.107795092643	0.23078229219	0.225028598779	0.265703168427	0.550374208405
0.0	italy	france	0.102576280697	0.228396266112	0.231357625757	0.437757625721	0.223956136651	0.136806330953	0.285130135716	0.288812759114	0.568649249583	0.324195848518
0.0	italy	britain	0.0859928042197	0.189707461048	0.180616695299	0.536685902721	0.156754153624	0.124630086054	0.249749127847	0.248051214694	0.637576431351	0.246454662656
0.0	italy	austria	0.0784800494774	0.177520667923	0.176424685079	0.148392415499	0.455696202532	0.136887290569	0.290985239865	0.286759225621	0.231517509728	0.600144092219
0.0	italy	germany	0.118681968926	0.263303121381	0.264692121199	0.435284418796	0.247306791569	0.147513057513	0.312032028533	0.31089815885	0.534741523068	0.366476190476
0.0	italy	greece	0.0909369609338	0.209546680378	0.203885080513	0.173948887057	0.43685300207	0.138365640269	0.290515337077	0.280604240272	0.277654252362	0.587992937022
0.0	italy	belgium	0.0860624733662	0.196361007358	0.202554543483	0.139323990107	0.411192214112	0.120644691055	0.259360017773	0.25526243669	0.230405780989	0.592142857143
0.0	italy	japan	0.102994701353	0.229091393493	0.221785041395	0.366859027205	0.280226700252	0.120105760168	0.248556581579	0.242918928182	0.46331295164	0.39785202864
0.0	italy	norway	0.086678343306	0.19426172202	0.190761574821	0.169002473207	0.434322033898	0.128489450674	0.273887744242	0.264509605146	0.257643135075	0.586337760911
0.0	italy	russia	0.10462325169	0.229193589326	0.217992220897	0.328112118714	0.332775919732	0.134455200966	0.275589298777	0.265769518528	0.416342412451	0.461917977182
0.0	italy	spain	0.111986395334	0.254551938184	0.255158880143	0.303380049464	0.342963653308	0.14908124343	0.311893026207	0.304971031065	0.43274041134	0.472677595628
0.0	denmark	netherlands	0.069875293278	0.166917252656	0.172644927491	0.220982142857	0.218543046358	0.118318892692	0.259719855542	0.262990618622	0.366643209008	0.373209169054
0.0	denmark	italy	0.0736294838907	0.176151316985	0.175260628227	0.372767857143	0.137675185491	0.110101901373	0.226861760819	0.236607674396	0.587614356087	0.232073374097
0.0	denmark	finland	0.0660592093364	0.16245212911	0.160327852292	0.151785714286	0.279835390947	0.148571787436	0.319892245291	0.317936655147	0.302603800141	0.484234234234
0.0	denmark	sweden	0.0767306693806	0.180850739002	0.179052233001	0.267857142857	0.246913580247	0.14040915295	0.303888891132	0.307295994729	0.444053483462	0.363270005757
0.0	denmark	norway	0.0835186254657	0.198256980772	0.192236371939	0.263392857143	0.25	0.175577929768	0.375025096115	0.375129881332	0.439127375088	0.394686907021
0.0	denmark	spain	0.0750686040304	0.169545245292	0.169745806889	0.377232142857	0.157502329916	0.115206647719	0.239190904226	0.244989427722	0.56790992259	0.244990892532
0.0	luxembourg	belgium	0.0641719957214	0.14889350274	0.159769381101	0.280701754386	0.155717761557	0.141927741063	0.298818612731	0.309123380388	0.496	0.265714285714
0.0	hungary	romania	0.0913011099029	0.186914060639	0.193476994362	0.285388127854	0.284738041002	0.171065530885	0.354483054866	0.354412723733	0.400397088021	0.437454808388
0.0	hungary	poland	0.116567280097	0.243027904029	0.250512352914	0.37899543379	0.248875562219	0.191142263636	0.39254582848	0.393240050635	0.500992720053	0.388603696099
0.0	asia	africa	0.0988130993946	0.234000883172	0.230180968414	0.427983539095	0.138944555778	0.155813208216	0.326293858713	0.331419188967	0.608719052745	0.27768229806
0.0	africa	asia	0.0988130993946	0.230180968414	0.234000883172	0.138944555778	0.427983539095	0.155813208216	0.331419188967	0.326293858713	0.27768229806	0.608719052745
0.0	mexico	brazil	0.0800667841369	0.179577683797	0.184641038639	0.295081967213	0.239202657807	0.1466187488	0.310783801857	0.310908579807	0.402390438247	0.393214682981
0.0	mexico	japan	0.0792708878483	0.172172128915	0.170502958171	0.469262295082	0.144206549118	0.120953197486	0.246293980144	0.246386983179	0.575981787137	0.241527446301
0.0	mexico	argentina	0.0779148753279	0.171717616576	0.175495943362	0.227459016393	0.32361516035	0.149835342305	0.317224489957	0.313441787686	0.311326124075	0.459277917716
0.0	mexico	spain	0.0616428543983	0.131706422723	0.13309699967	0.372950819672	0.169617893756	0.128999641835	0.264789983034	0.264914950028	0.537848605578	0.286885245902
0.0	mexico	chile	0.0623943029346	0.133518484952	0.135711394125	0.16393442623	0.37037037037	0.156735089849	0.334433277458	0.331496744541	0.236767216847	0.520650813517
0.0	poland	netherlands	0.0529193354099	0.103801856561	0.115025396862	0.191904047976	0.282560706402	0.117890379408	0.247042201203	0.248057604505	0.32546201232	0.454154727794
0.0	poland	italy	0.0820689325733	0.173104512098	0.181020953636	0.386806596702	0.212695795548	0.133164308755	0.267477280564	0.278129418279	0.563655030801	0.305169538633
0.0	poland	germany	0.0999564492539	0.206850229967	0.21562822496	0.530734632684	0.165807962529	0.152050353949	0.29998632816	0.309785476621	0.69045174538	0.25619047619
0.0	poland	hungary	0.116567280097	0.250512352914	0.243027904029	0.248875562219	0.37899543379	0.191142263636	0.393240050635	0.39254582848	0.388603696099	0.500992720053
0.0	poland	norway	0.0800544482708	0.172774490353	0.172381018852	0.223388305847	0.315677966102	0.138001404005	0.289802877608	0.290774756182	0.356776180698	0.439595192916
0.0	poland	spain	0.0767344058715	0.15935893486	0.164867278693	0.365817091454	0.227399813607	0.144025709824	0.291486205981	0.296092491605	0.549794661191	0.325136612022
0.0	slovenia	spain	0.0470994096404	0.088225623014	0.0968697454785	0.542253521127	0.071761416589	0.0987247880146	0.187137437267	0.198372436447	0.71320754717	0.114754098361
0.0	flat	sharp	0.0527323441709	0.12008911662	0.119378923603	0.134204275534	0.285353535354	0.106983928609	0.218608542106	0.209970623312	0.333954181412	0.455770208439
0.0	sharp	flat	0.0527323441709	0.119378923603	0.12008911662	0.285353535354	0.134204275534	0.106983928609	0.209970623312	0.218608542106	0.455770208439	0.333954181412
0.0	japan	brazil	0.109248904756	0.239312903413	0.244486612285	0.172544080605	0.455149501661	0.120550238879	0.245866516445	0.246653945109	0.24892601432	0.580088987764
0.0	japan	korea	0.124951359372	0.263411421981	0.260608942109	0.186397984887	0.496644295302	0.192679794625	0.377297766878	0.367680410186	0.278520286396	0.690941385435
0.0	japan	italy	0.102994701353	0.221785041395	0.229091393493	0.280226700252	0.366859027205	0.120105760168	0.242918928182	0.248556581579	0.39785202864	0.46331295164
0.0	japan	mexico	0.0792708878483	0.170502958171	0.172172128915	0.144206549118	0.469262295082	0.120953197486	0.246386983179	0.246293980144	0.241527446301	0.575981787137
0.0	japan	finland	0.0870286939967	0.191724692232	0.199453993659	0.0780856423174	0.510288065844	0.108633107939	0.222308453973	0.218698114635	0.143436754177	0.676801801802
0.0	japan	india	0.0993913098375	0.21047989849	0.213604042255	0.264483627204	0.35175879397	0.137799967858	0.279395189162	0.279481870544	0.401193317422	0.482629916738
0.0	japan	france	0.114376508065	0.238689966387	0.25051097429	0.420025188917	0.281315900464	0.134327684987	0.266747982062	0.278545570184	0.550835322196	0.36571066392
0.0	japan	sweden	0.0705610842146	0.15177781615	0.154913789064	0.14483627204	0.473251028807	0.110240756856	0.229477645841	0.228377996878	0.240095465394	0.579159470351
0.0	japan	china	0.117788612333	0.248207251116	0.252946415833	0.345088161209	0.330917874396	0.173162333344	0.347290486477	0.34608535238	0.454415274463	0.481659499115
0.0	japan	germany	0.12680959704	0.270045702194	0.281148545238	0.397355163728	0.295550351288	0.145053353704	0.290134951181	0.296875491426	0.518854415274	0.414095238095
0.0	japan	norway	0.082392876876	0.182406526287	0.183618576489	0.137279596977	0.46186440678	0.112443269653	0.234549828641	0.230870982498	0.22076372315	0.585072738773
0.0	japan	spain	0.0865485829256	0.184268765006	0.188206566319	0.242443324937	0.358807082945	0.131747404657	0.265829470188	0.266534842034	0.385680190931	0.490588949605
0.0	china	japan	0.117788612333	0.252946415833	0.248207251116	0.330917874396	0.345088161209	0.173162333344	0.34608535238	0.347290486477	0.481659499115	0.454415274463
0.0	china	india	0.107012880208	0.238782052572	0.237027392182	0.254830917874	0.353433835846	0.164816395151	0.333084377547	0.333828310338	0.422716923855	0.479758828596
0.0	korea	japan	0.124951359372	0.260608942109	0.263411421981	0.496644295302	0.186397984887	0.192679794625	0.367680410186	0.377297766878	0.690941385435	0.278520286396
0.0	korea	iran	0.105303210464	0.207329913406	0.21639204882	0.340604026846	0.286318758815	0.184880031447	0.361527912807	0.366563229454	0.487862640616	0.421699078813
0.0	leeward	windward	0.427418827195	0.707928486504	0.67132402425	0.535714285714	0.428571428571	0.183845072837	0.390101105018	0.374639342315	0.372093023256	0.297674418605
0.0	windward	leeward	0.427418827195	0.67132402425	0.707928486504	0.428571428571	0.535714285714	0.183845072837	0.374639342315	0.390101105018	0.297674418605	0.372093023256
0.0	evil	good	0.0548076836602	0.144969601524	0.127679542322	0.488076311606	0.0780574624968	0.0837778512112	0.160876765077	0.163222759483	0.742125984252	0.123655208607
0.0	iran	pakistan	0.0775323139995	0.153144094398	0.156380746657	0.251057827927	0.278996865204	0.169789452082	0.344938019073	0.34681941231	0.407369498465	0.454078722191
0.0	iran	korea	0.105303210464	0.21639204882	0.207329913406	0.286318758815	0.340604026846	0.184880031447	0.366563229454	0.361527912807	0.421699078813	0.487862640616
0.0	ireland	germany	0.0924174731869	0.202875073395	0.208627943164	0.323400097704	0.310070257611	0.120387149025	0.242754376004	0.247684346175	0.460474716202	0.424952380952
0.0	ireland	spain	0.0796855590692	0.175779371718	0.177914732324	0.206155349292	0.393289841566	0.132475054206	0.269544949407	0.269570825511	0.359339525284	0.528536733455
0.0	colombia	venezuela	0.0528092069942	0.116584640925	0.118945130666	0.183962264151	0.268965517241	0.176876547261	0.378200498037	0.383167104974	0.310245310245	0.379858657244
0.0	venezuela	colombia	0.0528092069942	0.118945130666	0.116584640925	0.268965517241	0.183962264151	0.176876547261	0.383167104974	0.378200498037	0.379858657244	0.310245310245
0.0	back	front	0.0528747636591	0.131557096273	0.137105997072	0.148757095322	0.378580323786	0.160775856691	0.317575735291	0.308406043231	0.284076798166	0.693078536472
0.0	awake	asleep	0.0879003002607	0.192651449918	0.187859244712	0.212048192771	0.296795952782	0.170268070597	0.343533852544	0.339353576246	0.409647779479	0.383512544803
0.0	asleep	awake	0.0879003002607	0.187859244712	0.192651449918	0.296795952782	0.212048192771	0.170268070597	0.339353576246	0.343533852544	0.383512544803	0.409647779479
0.0	britain	norway	0.0648236735424	0.136550738199	0.139539519979	0.0707921984108	0.622881355932	0.106177591037	0.211668629247	0.205511370864	0.126342930812	0.743833017078
0.0	britain	italy	0.0859928042197	0.180616695299	0.189707461048	0.156754153624	0.536685902721	0.124630086054	0.248051214694	0.249749127847	0.246454662656	0.637576431351
0.0	britain	germany	0.10785373505	0.224810893661	0.237049499201	0.238863472189	0.464637002342	0.14868782419	0.293074296404	0.295389290182	0.344005156854	0.609904761905
0.0	britain	russia	0.133145324109	0.276381615834	0.278678027992	0.175294967493	0.608695652174	0.162987690466	0.311827063077	0.304799627725	0.24828104856	0.712611779217
0.0	kid	parent	0.0985022068528	0.205468310371	0.199578118859	0.407778668805	0.219370146678	0.111959844224	0.227484630822	0.225817044415	0.569763779528	0.270970641102
0.0	russia	italy	0.10462325169	0.217992220897	0.229193589326	0.332775919732	0.328112118714	0.134455200966	0.265769518528	0.275589298777	0.461917977182	0.416342412451
0.0	russia	britain	0.133145324109	0.278678027992	0.276381615834	0.608695652174	0.175294967493	0.162987690466	0.304799627725	0.311827063077	0.712611779217	0.24828104856
0.0	russia	germany	0.118169712396	0.244685580468	0.255040410982	0.463210702341	0.259484777518	0.15559198362	0.303723545118	0.314308003098	0.584027135368	0.360761904762
0.0	russia	spain	0.107135649524	0.226620067852	0.235688571712	0.306856187291	0.342031686859	0.1590004658	0.31414590732	0.318938231059	0.462534690102	0.455373406193
0.0	russia	france	0.109579184524	0.22536016635	0.23761439052	0.469899665552	0.237030788697	0.141866091941	0.270289114969	0.286984088293	0.617946345976	0.317540801775
0.0	canada	norway	0.0784947784377	0.176232283291	0.164785143772	0.198837209302	0.362288135593	0.12429290915	0.264882321119	0.261230355752	0.305478912101	0.490196078431
0.0	canada	italy	0.0673074481877	0.146523226707	0.140226452431	0.316279069767	0.224237427865	0.114154158618	0.231969935544	0.239680300197	0.486007094994	0.342690383546
0.0	canada	spain	0.0689829025392	0.157012915595	0.1498438357	0.290697674419	0.232991612302	0.121593127632	0.249254024958	0.251695154935	0.471028774143	0.3627808136
0.0	lows	highs	0.0	0.0	0.0	0.0	0.0	0.0234870340332	0.0328795978654	0.0304006635422	0.166666666667	0.05
0.0	highs	lows	0.0	0.0	0.0	0.0	0.0	0.0234870340332	0.0304006635422	0.0328795978654	0.05	0.166666666667
0.0	lithuania	estonia	0.129524951514	0.285462005568	0.274132484638	0.224215246637	0.434782608696	0.285024308328	0.54013353471	0.541576027972	0.308564231738	0.546875
0.0	turkey	germany	0.0612025399049	0.133942758884	0.134444576909	0.378563283922	0.155503512881	0.108895952338	0.22040680017	0.224111580763	0.578346276839	0.241142857143
0.0	iceland	norway	0.0873102861025	0.202179318563	0.203978142646	0.375	0.152542372881	0.148589344203	0.318476887513	0.319814144777	0.533039647577	0.229601518027
